ts,free_gb,inactive_gb,lms_models_loaded,lms_status
2026-09-10T05:44:05Z,21.63,45.11,0,";"
2026-09-10T05:44:11Z,20.26,18.33,0,";"
2026-09-10T05:44:16Z,21.05,18.31,0,";"
2026-09-10T05:44:21Z,21.12,18.23,0,";"
2026-09-10T05:44:26Z,21.14,18.26,0,";"
2026-09-10T05:44:31Z,21.00,18.37,0,";"
2026-09-10T05:44:37Z,20.92,18.41,0,";"
2026-09-10T05:44:42Z,20.77,18.39,0,";"
2026-09-10T05:44:47Z,20.73,18.38,0,";"
2026-09-10T05:44:52Z,20.13,18.36,0,";"
2026-09-10T05:44:58Z,20.60,18.33,0,";"
2026-09-10T05:45:03Z,20.23,18.13,0,";"
2026-09-10T05:45:08Z,20.44,18.08,0,";"
2026-09-10T05:45:13Z,20.69,18.08,0,";"
2026-09-10T05:45:19Z,20.56,18.21,0,";"
2026-09-10T05:45:24Z,20.53,24.32,0,";"
2026-09-10T05:45:29Z,20.40,33.68,0,";"
2026-09-10T05:45:34Z,20.56,44.80,0,";"
2026-09-10T05:45:39Z,20.57,45.52,0,";"
2026-09-10T05:45:44Z,19.64,46.23,0,";"
2026-09-10T05:45:50Z,19.99,46.18,0,";"
2026-09-10T05:45:55Z,19.92,46.18,0,";"
2026-09-10T05:46:00Z,18.08,46.35,0,";"
2026-09-10T05:46:05Z,18.47,46.84,0,";"
2026-09-10T05:46:10Z,19.35,46.70,0,";"
2026-09-10T05:46:15Z,19.00,20.46,0,";"
2026-09-10T05:46:21Z,19.14,21.39,0,";"
2026-09-10T05:46:26Z,19.23,22.74,0,";"
2026-09-10T05:46:31Z,19.26,24.01,0,";"
2026-09-10T05:46:36Z,19.17,25.18,0,";"
2026-09-10T05:46:41Z,19.17,26.71,0,";"
2026-09-10T05:46:46Z,19.07,29.24,0,";"
2026-09-10T05:46:52Z,19.27,30.60,0,";"
2026-09-10T05:46:57Z,19.30,31.78,0,";"
2026-09-10T05:47:02Z,18.70,36.33,0,";"
2026-09-10T05:47:07Z,19.12,38.10,0,";"
